feature_set,n_features,task,model,accuracy_mean,accuracy_std,f1_mean,f1_std,roc_auc_mean,roc_auc_std,train_time_s
DE_only,128,valence,LogisticRegression,0.6719761904761905,0.1412826243770593,0.4450051025117984,0.016246569983972926,0.4489064807238673,0.018801743267068204,0.20282182693481446
DE_only,128,valence,RandomForest,0.7785238095238094,0.06900525178015533,0.44594916997847783,0.01435262916688478,0.5007934274233433,0.05867100986188685,5.527197933197021
DE_only,128,valence,XGBoost,0.7555079365079365,0.07926097537365517,0.45035704576459024,0.026151773909253533,0.4517487934896268,0.06164507654143681,2.980150842666626
DE_only,128,arousal,LogisticRegression,0.6658809523809524,0.05907325778929296,0.4799174043080868,0.029993315540353113,0.46110696483232133,0.060855704976426644,0.25420165061950684
DE_only,128,arousal,RandomForest,0.7666666666666666,0.030914697757134305,0.4341076241802537,0.010314410979436202,0.4890124593959831,0.04614441612494995,5.899678468704224
DE_only,128,arousal,XGBoost,0.7584126984126984,0.02298117595389179,0.44114879584107325,0.015130328847956929,0.4684704094496149,0.06270731631512734,2.9892924785614015
DE_only,128,dominance,LogisticRegression,0.517825396825397,0.08498948773790273,0.4649762260754611,0.06397374239638877,0.5003783995517384,0.04772875774065311,0.22888998985290526
DE_only,128,dominance,RandomForest,0.576920634920635,0.053304815693943484,0.44131457613396724,0.053753701444877414,0.49697629737712157,0.023130397872755032,6.166649532318115
DE_only,128,dominance,XGBoost,0.5544126984126984,0.05554297901865333,0.4576160380859644,0.021899031516746808,0.46602194797114693,0.04710981054171558,3.01651873588562
DE_only,128,liking,LogisticRegression,0.5708412698412698,0.049794443932134204,0.4495954125496836,0.02873033405960876,0.4235953890412226,0.016187875576413293,0.25353298187255857
DE_only,128,liking,RandomForest,0.6427063492063493,0.017975257518100418,0.4468825073835708,0.04882994965104677,0.5279768819968277,0.037577404838327284,7.340785217285156
DE_only,128,liking,XGBoost,0.6347539682539682,0.03377228228732004,0.451967087922557,0.05523789054763383,0.5113555551493144,0.020678636862649515,3.222609806060791
DE+Hjorth,224,valence,LogisticRegression,0.6064444444444445,0.081247645662345,0.4483967454512003,0.017080076093791436,0.4353800601437664,0.02497646453174743,0.7985843181610107
DE+Hjorth,224,valence,RandomForest,0.7811825396825397,0.06580159878851127,0.446941218870249,0.015051407224461626,0.501094108865743,0.07520401996957102,9.93164381980896
DE+Hjorth,224,valence,XGBoost,0.7664682539682539,0.05811094364426557,0.452234070254881,0.027924978377187555,0.4587748452439852,0.055929488718705136,5.414526653289795
DE+Hjorth,224,arousal,LogisticRegression,0.6746904761904762,0.05571136314859861,0.48173904590391226,0.028165588864268613,0.44773274014166703,0.09358404873438246,0.6559887409210206
DE+Hjorth,224,arousal,RandomForest,0.7661904761904762,0.03201032101209787,0.4343322962830845,0.010595859604333142,0.4616101932955983,0.06171707502074407,9.261703872680664
DE+Hjorth,224,arousal,XGBoost,0.7589841269841271,0.026241661743028485,0.4382827452036329,0.014034766806493215,0.4710485321706049,0.03773013641969963,5.673670768737793
DE+Hjorth,224,dominance,LogisticRegression,0.5372063492063491,0.05574176983428137,0.4898445663786715,0.05432990473696333,0.5186340959225103,0.057257877197406284,0.8966097831726074
DE+Hjorth,224,dominance,RandomForest,0.5578968253968254,0.06052677497428811,0.4261457539492395,0.031293469274078826,0.4687893692998079,0.031023519900446127,10.15356764793396
DE+Hjorth,224,dominance,XGBoost,0.5586111111111112,0.06979874471954556,0.4782309617496024,0.025662142555608072,0.4791841546469879,0.03434387926272883,6.219807052612305
DE+Hjorth,224,liking,LogisticRegression,0.5785079365079365,0.03463335112036017,0.48501349164939767,0.030186379002388474,0.4603229017800034,0.021354996556788446,0.7217824935913086
DE+Hjorth,224,liking,RandomForest,0.6415714285714286,0.020468548623223042,0.45935457886775943,0.05520608392589634,0.5213153860801787,0.04838568317836975,11.321877574920654
DE+Hjorth,224,liking,XGBoost,0.6359603174603174,0.022179458570129637,0.4528910190823014,0.06272482294521523,0.5078102567590183,0.018838706275069724,6.219994592666626
DE+FAA,142,valence,LogisticRegression,0.6715793650793651,0.14201895417841576,0.44492115757605444,0.01595253392013562,0.4489453898198109,0.01918245623219942,0.17737765312194825
DE+FAA,142,valence,RandomForest,0.7762936507936508,0.06600541055645456,0.448116628572995,0.015391554014164796,0.5014290639245692,0.07723635878492381,9.102550888061524
DE+FAA,142,valence,XGBoost,0.7560873015873015,0.07620835500380513,0.44935503839868096,0.022702595609253723,0.4573450391695001,0.06260130307899164,3.4964483261108397
DE+FAA,142,arousal,LogisticRegression,0.6658650793650794,0.05867542494577603,0.4803584607079638,0.029889819155856732,0.4616159063781364,0.06158798816704983,0.19808502197265626
DE+FAA,142,arousal,RandomForest,0.7659761904761904,0.03068120680884577,0.43678955936166697,0.012374177684553995,0.48099503615691963,0.04829290150982709,8.332056522369385
DE+FAA,142,arousal,XGBoost,0.752531746031746,0.029389540969837195,0.44499116618734896,0.016134797874824438,0.49100877126258646,0.04644029146709478,3.453186368942261
DE+FAA,142,dominance,LogisticRegression,0.5178650793650793,0.08476302129042879,0.4647822904766433,0.06360424281419574,0.5004217994456361,0.04783511715033606,0.19196290969848634
DE+FAA,142,dominance,RandomForest,0.5789285714285715,0.05699400531171153,0.4374115502936771,0.05132065372820014,0.49104192446146955,0.038643924929999386,8.5488835811615
DE+FAA,142,dominance,XGBoost,0.574563492063492,0.04320156648126165,0.4894344279789144,0.01982789988521859,0.5156292261713272,0.02779491368581183,3.6311635971069336
DE+FAA,142,liking,LogisticRegression,0.5705714285714286,0.050501676642101624,0.4486791798236718,0.028547542479922666,0.42388516547247546,0.01639696914672837,0.20131521224975585
DE+FAA,142,liking,RandomForest,0.6366111111111111,0.02479780288587566,0.44906433049555605,0.03919821279257643,0.5263788515059231,0.04327170623777102,9.005478763580323
DE+FAA,142,liking,XGBoost,0.6268888888888889,0.03424859055348817,0.4395845998505899,0.03711447888721416,0.49498052726293135,0.021586713236839916,4.691548109054565
DE+Connectivity,185,valence,LogisticRegression,0.6568888888888889,0.12692812691288127,0.4640582938140362,0.03318749700804986,0.4592376023136925,0.02576420025808067,0.2799704074859619
DE+Connectivity,185,valence,RandomForest,0.7782301587301588,0.0696393161492953,0.44421373981601153,0.016986511335993514,0.4828330828117492,0.06609212011772281,12.263199996948241
DE+Connectivity,185,valence,XGBoost,0.7666190476190476,0.05063735719619025,0.453044691346956,0.025008921614254997,0.47557486777723107,0.062455751414897544,5.884328031539917
DE+Connectivity,185,arousal,LogisticRegression,0.6177539682539682,0.05591861668408769,0.4817190273050175,0.03222300324785539,0.46400183760068014,0.08003868093756271,0.35521798133850097
DE+Connectivity,185,arousal,RandomForest,0.7667857142857143,0.03150611225777301,0.43430721155019175,0.010528201215045474,0.48804810662264264,0.05073458144478636,11.173489904403686
DE+Connectivity,185,arousal,XGBoost,0.7636190476190476,0.028781885820306156,0.43824021689922077,0.006890197456986034,0.4968602502001456,0.05033720728457033,5.670304870605468
DE+Connectivity,185,dominance,LogisticRegression,0.5585079365079365,0.07348860618731994,0.49952111238485175,0.07466692906054093,0.5636478343811504,0.07444220807550511,0.3588542461395264
DE+Connectivity,185,dominance,RandomForest,0.5750317460317461,0.05844155278534881,0.4490683881629436,0.06246522157029181,0.5056907623927543,0.035834419393246296,11.375962257385254
DE+Connectivity,185,dominance,XGBoost,0.5710952380952381,0.05509537728691495,0.4729470173421606,0.05517960231088702,0.5307014247672981,0.026928000759874258,5.990281438827514
DE+Connectivity,185,liking,LogisticRegression,0.5519126984126984,0.0689613719692779,0.4572114600256504,0.03156528313570506,0.43534514188185647,0.024025138406443654,0.3369136810302734
DE+Connectivity,185,liking,RandomForest,0.6427380952380952,0.018637279805236436,0.456335017546526,0.05799306711971189,0.5275999759245851,0.033564360646233186,11.899426364898682
DE+Connectivity,185,liking,XGBoost,0.619515873015873,0.026405359461943296,0.4551055025931857,0.04288288842237308,0.49667064349685985,0.02145131916605823,5.951092195510864
DE+Hjorth+FAA,238,valence,LogisticRegression,0.6066507936507937,0.08302483809220489,0.4493967010729424,0.01895370653256454,0.4357065233348008,0.023833089917084084,0.8173465251922607
DE+Hjorth+FAA,238,valence,RandomForest,0.7754761904761904,0.07528627546986547,0.4452973891648277,0.014426205790578276,0.49776355912691816,0.07229656923878047,14.523351573944092
DE+Hjorth+FAA,238,valence,XGBoost,0.746579365079365,0.07806641050723094,0.4588773364955358,0.03811216318454609,0.46881736691988724,0.05825492893477655,7.830286169052124
DE+Hjorth+FAA,238,arousal,LogisticRegression,0.6733730158730159,0.0577440404946521,0.4818157967898572,0.027957233933470372,0.44820932764059085,0.09206643356293669,0.8904050350189209
DE+Hjorth+FAA,238,arousal,RandomForest,0.7663095238095239,0.030655603060324707,0.4337121012755804,0.009774508518746929,0.4683508213065749,0.06704909157298161,13.481963539123536
DE+Hjorth+FAA,238,arousal,XGBoost,0.757079365079365,0.02177441014153638,0.444888010641329,0.0258504888732608,0.4722564109754712,0.02322089414623321,7.745053672790528
DE+Hjorth+FAA,238,dominance,LogisticRegression,0.5371825396825397,0.05577559880919761,0.48951375032959304,0.05353006709501765,0.5186626767972375,0.0573744944637144,0.9975904941558837
DE+Hjorth+FAA,238,dominance,RandomForest,0.565452380952381,0.05984090538182138,0.4291929608440612,0.026127158438612505,0.4867206191794229,0.05829812904068169,13.474217128753661
DE+Hjorth+FAA,238,dominance,XGBoost,0.562,0.04571998283503483,0.46470469172687656,0.023731893644919608,0.4699079192024251,0.04892626633400604,8.2291916847229
DE+Hjorth+FAA,238,liking,LogisticRegression,0.5785396825396826,0.034062385797654714,0.48534416941939024,0.031014967479591628,0.4611914548411268,0.02141029030998473,0.9847858905792236
DE+Hjorth+FAA,238,liking,RandomForest,0.6443571428571427,0.017383067748348198,0.4518864092203481,0.050738250211275676,0.5207188058760128,0.05785544662056991,14.304753971099853
DE+Hjorth+FAA,238,liking,XGBoost,0.6327142857142857,0.026133213615387466,0.4587796909801586,0.04869054767774883,0.5024885125177774,0.024845630570333562,8.486487007141113
Full (DE+Hjorth+FAA+Conn),295,valence,LogisticRegression,0.5992460317460317,0.054577617219290046,0.45562228158562623,0.016874932953366832,0.43740634191883954,0.05118647200040585,1.107356023788452
Full (DE+Hjorth+FAA+Conn),295,valence,RandomForest,0.782920634920635,0.06267882329097157,0.4476177380417953,0.019055357273514435,0.47693869615264506,0.04926134997414685,17.977036952972412
Full (DE+Hjorth+FAA+Conn),295,valence,XGBoost,0.7661984126984127,0.062336750768280234,0.45301084583175655,0.025848468921169713,0.47126552027456203,0.05499242107073038,10.527874231338501
Full (DE+Hjorth+FAA+Conn),295,arousal,LogisticRegression,0.6382460317460318,0.047236729130912015,0.4845692975891847,0.03821634093950278,0.4542977022437916,0.10155693367414502,1.0347517490386964
Full (DE+Hjorth+FAA+Conn),295,arousal,RandomForest,0.7663253968253969,0.031216019570133778,0.4339950707233234,0.010409456502456286,0.47942572199391337,0.05769822739185175,16.149552249908446
Full (DE+Hjorth+FAA+Conn),295,arousal,XGBoost,0.7638015873015872,0.03021186839117309,0.4378543452662835,0.01156780986570146,0.48205511859585537,0.045246323961076064,11.985778522491454
Full (DE+Hjorth+FAA+Conn),295,dominance,LogisticRegression,0.5596666666666665,0.045433567174535984,0.5048108558783798,0.05665489079206282,0.5606461433271999,0.06054954866710539,1.104446029663086
Full (DE+Hjorth+FAA+Conn),295,dominance,RandomForest,0.5647063492063491,0.05729362825611861,0.42161003286793497,0.05181045565346634,0.46654368489576187,0.01565097541830176,15.51765489578247
Full (DE+Hjorth+FAA+Conn),295,dominance,XGBoost,0.5833888888888888,0.06917034682265691,0.477811014224363,0.04540632458873585,0.5134844349134632,0.03077331026627707,10.619662427902222
Full (DE+Hjorth+FAA+Conn),295,liking,LogisticRegression,0.562595238095238,0.041702324122746444,0.4754327724071109,0.026098573190780124,0.457642334377198,0.02333381513076129,1.1379098415374755
Full (DE+Hjorth+FAA+Conn),295,liking,RandomForest,0.6438412698412699,0.014015280911112135,0.45972556574688667,0.05947739248731959,0.5177936620478066,0.05387534446890921,16.494433689117432
Full (DE+Hjorth+FAA+Conn),295,liking,XGBoost,0.6278095238095238,0.03635539430589788,0.4474685013946801,0.0454519695591206,0.47772922302210485,0.04148825363399023,10.450527429580688
