task,subject,n_calib_windows,n_eval_windows,zeroshot_accuracy,zeroshot_f1,zeroshot_auc,calibrated_accuracy,calibrated_f1,calibrated_auc,calibration_skipped_single_class
valence,1,120,480,0.6666666666666666,0.4482600074714791,0.4142460317460318,0.7645833333333333,0.4332939787485242,0.36734126984126986,False
valence,2,120,480,0.8125,0.4482758620689655,0.5194301994301994,,,,True
valence,3,120,480,0.4979166666666667,0.33240611961057026,0.4552951388888889,0.6875,0.6785714285714286,0.7242361111111112,False
valence,4,120,480,0.90625,0.47540983606557374,0.5668965517241379,0.8770833333333333,0.48357920458068165,0.46247765006385694,False
valence,5,120,480,0.6875,0.4137571651902032,0.5527474747474748,0.6270833333333333,0.48045351473922904,0.4548888888888889,False
valence,6,120,480,0.53125,0.3469387755102041,0.45343790849673205,0.6125,0.5457505698469554,0.6606361655773421,False
valence,7,120,480,0.8104166666666667,0.4476409666283084,0.6004558404558406,0.5354166666666667,0.4781565822766296,0.5038176638176637,False
valence,8,120,480,0.8354166666666667,0.4674082501158724,0.4942551440329218,0.6541666666666667,0.4553656869446343,0.4853004115226338,False
valence,9,120,480,0.875,0.4666666666666667,0.4204365079365079,0.8541666666666666,0.4744744744744745,0.49432539682539683,False
valence,10,120,480,0.7791666666666667,0.4379391100702576,0.4934857142857142,0.58125,0.4129637178964533,0.36307301587301594,False
valence,11,120,480,0.5625,0.36,0.4305996472663139,0.55,0.41588732394366196,0.4515343915343915,False
valence,12,120,480,0.96875,0.49206349206349204,0.4150537634408602,0.9208333333333333,0.4793926247288503,0.35297491039426526,False
valence,13,120,480,0.9375,0.4838709677419355,0.41348148148148145,,,,True
valence,14,120,480,0.75,0.42857142857142855,0.418449074074074,,,,True
valence,15,120,480,0.6354166666666666,0.4325512899325141,0.5287777777777778,,,,True
valence,16,120,480,0.84375,0.4576271186440678,0.5038024691358025,0.7479166666666667,0.580925168300972,0.7194403292181071,False
valence,17,120,480,0.7791666666666667,0.4558288770053476,0.5890285714285713,0.6479166666666667,0.46827129176253124,0.4117587301587302,False
valence,18,120,480,0.84375,0.4576271186440678,0.5379423868312757,0.6895833333333333,0.5675283446712018,0.6113909465020577,False
valence,19,120,480,0.8541666666666666,0.48752364102251233,0.6304960317460317,0.8666666666666667,0.4642857142857143,0.5357936507936507,False
valence,20,120,480,0.8416666666666667,0.5042400521852577,0.5438888888888889,0.7791666666666667,0.4558288770053476,0.371031746031746,False
valence,21,120,480,0.94375,0.4855305466237942,0.5924014336917562,0.9291666666666667,0.5093795093795094,0.6533333333333334,False
valence,22,120,480,0.84375,0.4576271186440678,0.5716543209876543,0.8375,0.4911937377690802,0.6795720164609054,False
valence,23,120,480,0.5333333333333333,0.35576646534368705,0.476636165577342,0.53125,0.3509264323190557,0.5762962962962962,False
valence,24,120,480,0.86875,0.49457639016563315,0.5053174603174604,,,,True
valence,25,120,480,0.9020833333333333,0.47426067907995617,0.44771392081736905,0.8020833333333334,0.5746228976016567,0.6650319284802043,False
valence,26,120,480,0.75,0.42857142857142855,0.5887268518518518,0.7020833333333333,0.5251502929761814,0.6204629629629629,False
valence,27,120,480,0.9,0.47368421052631576,0.4706002554278417,0.6895833333333333,0.4927623600167377,0.5259259259259259,False
valence,28,120,480,0.6854166666666667,0.40667490729295425,0.4525050505050505,,,,True
valence,29,120,480,0.84375,0.4576271186440678,0.5048559670781894,,,,True
valence,30,120,480,0.78125,0.4566564969436928,0.5532444444444444,0.6354166666666666,0.45727669197221776,0.45864126984126985,False
valence,31,120,480,0.59375,0.37254901960784315,0.46085470085470087,0.6354166666666666,0.6097941664227879,0.6467836257309942,False
valence,32,120,480,0.7270833333333333,0.4679077639094563,0.49768518518518523,0.73125,0.6538287369109582,0.6227314814814815,False
arousal,1,120,480,0.71875,0.41818181818181815,0.4924100912506709,0.7333333333333333,0.6151436947207537,0.7458507783145464,False
arousal,2,120,480,0.7791666666666667,0.4379391100702576,0.7429079365079365,0.775,0.6275755050432483,0.8150095238095239,False
arousal,3,120,480,0.8458333333333333,0.47130269111693257,0.4575793650793651,0.45416666666666666,0.4250603467193329,0.675,False
arousal,4,120,480,0.9041666666666667,0.474835886214442,0.3756832694763729,0.8083333333333333,0.4470046082949309,0.33915708812260537,False
arousal,5,120,480,0.8125,0.4482758620689655,0.4842450142450142,,,,True
arousal,6,120,480,0.9375,0.4838709677419355,0.728,0.7583333333333333,0.44761904761904764,0.4590370370370371,False
arousal,7,120,480,0.8145833333333333,0.4597807256035104,0.4894301994301994,0.7895833333333333,0.5084709675457006,0.5304558404558405,False
arousal,8,120,480,0.7166666666666667,0.4313588850174216,0.471604938271605,,,,True
arousal,9,120,480,0.7791666666666667,0.4379391100702576,0.5198222222222223,0.7270833333333333,0.45548541293222145,0.5634285714285714,False
arousal,10,120,480,0.7166666666666667,0.4174757281553398,0.389951690821256,0.725,0.5703125,0.6556307031669351,False
arousal,11,120,480,0.875,0.4666666666666667,0.572936507936508,0.74375,0.573998311578674,0.7215079365079365,False
arousal,12,120,480,0.6875,0.4074074074074074,0.46779797979797977,0.5520833333333334,0.5452121682186155,0.606949494949495,False
arousal,13,120,480,0.5645833333333333,0.3652199773473636,0.550405643738977,0.6083333333333333,0.5803259171069276,0.640705467372134,False
arousal,14,120,480,0.6125,0.5046164772727273,0.6233198380566802,0.6729166666666667,0.6050293764642373,0.639604138551507,False
arousal,15,120,480,0.80625,0.4463667820069204,0.4436752136752137,0.5333333333333333,0.4963934426229508,0.6178062678062677,False
arousal,16,120,480,0.6520833333333333,0.4626445449974862,0.5571313131313131,0.70625,0.4937125502135713,0.6062020202020202,False
arousal,17,120,480,0.78125,0.43859649122807015,0.5747047619047619,0.5666666666666667,0.5011093122264196,0.5694730158730159,False
arousal,18,120,480,0.78125,0.43859649122807015,0.47431111111111113,0.7520833333333333,0.5220523633807767,0.6608761904761905,False
arousal,19,120,480,0.75,0.4365976759654134,0.48837962962962966,0.70625,0.5029048629830115,0.4758796296296296,False
arousal,20,120,480,0.61875,0.38223938223938225,0.32151851851851854,0.525,0.41776084782192335,0.3867962962962963,False
arousal,21,120,480,0.625,0.38461538461538464,0.4690370370370371,0.6520833333333333,0.4706779627440752,0.5560185185185185,False
arousal,22,120,480,0.6854166666666667,0.40667490729295425,0.4806868686868687,0.6729166666666667,0.6158531923027909,0.660040404040404,False
arousal,24,120,480,0.5,0.3333333333333333,0.5137152777777778,0.46458333333333335,0.45746014293567894,0.4439236111111111,False
arousal,25,120,480,0.59375,0.37254901960784315,0.39985605038236616,0.6145833333333334,0.4456063680349618,0.5536122357174988,False
arousal,27,120,480,0.90625,0.47540983606557374,0.613690932311622,,,,True
arousal,28,120,480,0.9375,0.4838709677419355,0.4897407407407407,0.925,0.5890019979069546,0.5762222222222223,False
arousal,29,120,480,0.8104166666666667,0.4476409666283084,0.5948717948717949,0.7854166666666667,0.45831644224342893,0.5035612535612536,False
arousal,30,120,480,0.8416666666666667,0.45701357466063347,0.44258064516129036,0.9270833333333334,0.4810810810810811,0.3675985663082437,False
arousal,31,120,480,0.6479166666666667,0.393173198482933,0.486945646945647,0.6770833333333334,0.5087130791936028,0.5807407407407408,False
arousal,32,120,480,0.59375,0.37254901960784315,0.45110211426000896,0.5666666666666667,0.566598947752253,0.6254430949167791,False
dominance,1,120,480,0.6541666666666667,0.3954659949622166,0.4751322751322752,0.5041666666666667,0.4551282051282052,0.458951418951419,False
dominance,2,120,480,0.6479166666666667,0.5001201634222543,0.5503030303030303,0.6208333333333333,0.5128370993285896,0.553035113035113,False
dominance,3,120,480,0.4375,0.3329902213072568,0.5231393298059965,0.42916666666666664,0.4251748251748252,0.45763668430335097,False
dominance,4,120,480,0.36875,0.32887578387806804,0.4196055796055796,0.65625,0.4234758871701547,0.563059163059163,False
dominance,5,120,480,0.48541666666666666,0.4732328909544099,0.5266666666666666,0.5354166666666667,0.5129918877479059,0.5344973544973545,False
dominance,6,120,480,0.63125,0.5343100981697992,0.5413371813371813,0.4395833333333333,0.43946412214403235,0.5038576238576239,False
dominance,7,120,480,0.6041666666666666,0.4,0.4782592592592592,,,,True
dominance,8,120,480,0.6,0.45751218478491207,0.47057130004498426,0.5083333333333333,0.4257791114986111,0.3966531713900135,False
dominance,9,120,480,0.3770833333333333,0.31453134328358207,0.5753150553150553,0.7083333333333334,0.6392914653784219,0.7402789802789802,False
dominance,10,120,480,0.575,0.4999080713366428,0.5377237966711651,0.55,0.5295825771324865,0.5738551506972559,False
dominance,11,120,480,0.6875,0.4074074074074074,0.42915151515151523,0.6583333333333333,0.615625,0.6823434343434344,False
dominance,12,120,480,0.5104166666666666,0.36285225289343026,0.5473090277777778,0.5833333333333334,0.563628429607811,0.6386284722222223,False
dominance,13,120,480,0.5666666666666667,0.5593142534296156,0.584400871459695,0.4625,0.39718452462080645,0.4005751633986928,False
dominance,14,120,480,0.49166666666666664,0.40848484848484845,0.47524183006535947,0.5020833333333333,0.4682956446776264,0.5535511982570807,False
dominance,15,120,480,0.5979166666666667,0.48468919482686695,0.5797390913180387,0.5833333333333334,0.5827465706983779,0.6348717948717949,False
dominance,16,120,480,0.45,0.4120158132110841,0.46218694885361555,0.4583333333333333,0.4545454545454546,0.4866666666666666,False
dominance,17,120,480,0.75625,0.4544977707841595,0.3713333333333333,0.5708333333333333,0.38062188369121297,0.22666666666666668,False
dominance,18,120,480,0.80625,0.485471247939695,0.6106837606837607,,,,True
dominance,19,120,480,0.42291666666666666,0.4177996715927751,0.4521097615834458,0.5354166666666667,0.45228750812307156,0.4859559154295996,False
dominance,20,120,480,0.38333333333333336,0.3628813832935732,0.38357174988753934,0.49375,0.4516503612883208,0.44725146198830407,False
dominance,21,120,480,0.575,0.39852579852579856,0.45927125506072874,0.5,0.4982928018953383,0.48746738641475484,False
dominance,22,120,480,0.6416666666666667,0.6218048557031608,0.6781286549707601,0.5395833333333333,0.5260879471405787,0.5313180386864598,False
dominance,23,120,480,0.7604166666666666,0.4782164834437712,0.4807111111111111,0.66875,0.5356280156494332,0.531047619047619,False
dominance,24,120,480,0.5145833333333333,0.4513101540001276,0.4599294532627866,0.5895833333333333,0.5496091945263419,0.5890123456790124,False
dominance,25,120,480,0.6979166666666666,0.45351329705792287,0.4692592592592592,0.9104166666666667,0.49872495446265935,0.5044444444444445,False
dominance,26,120,480,0.5958333333333333,0.5188492063492064,0.5447413405308141,0.54375,0.42654832497777,0.457795771479982,False
dominance,28,120,480,0.5166666666666667,0.39676280037268963,0.37365656565656563,0.5166666666666667,0.46120647945656174,0.41193939393939394,False
dominance,29,120,480,0.65625,0.41829292476735386,0.5495719095719096,0.5104166666666666,0.5102444869941256,0.6231265031265031,False
dominance,30,120,480,0.5729166666666666,0.517247131201829,0.5136296296296297,0.5208333333333334,0.4748758538023935,0.4632222222222222,False
dominance,31,120,480,0.4895833333333333,0.48279274326553046,0.5010370370370371,0.5729166666666666,0.46819722100620975,0.5858649237472767,False
dominance,32,120,480,0.9291666666666667,0.4816414686825054,0.5025185185185186,0.6791666666666667,0.4546098453547397,0.5225925925925925,False
liking,2,120,480,0.6645833333333333,0.47385262699228614,0.6038989898989899,0.6375,0.6158304355025667,0.6692525252525252,False
liking,3,120,480,0.675,0.5713893213664255,0.6408831908831909,0.7979166666666667,0.5059370324387992,0.5980626780626781,False
liking,4,120,480,0.6208333333333333,0.38816674137158225,0.43272222222222234,0.3770833333333333,0.29588727916754565,0.5801481481481481,False
liking,5,120,480,0.5291666666666667,0.44385202198343043,0.48268077601410936,0.525,0.41776084782192335,0.4863139329805997,False
liking,6,120,480,0.7416666666666667,0.4411057692307692,0.48270833333333335,0.59375,0.5114593065436268,0.5440972222222222,False
liking,7,120,480,0.9041666666666667,0.474835886214442,0.5376245210727969,,,,True
liking,8,120,480,0.7916666666666666,0.48663101604278075,0.5191440329218107,0.825,0.4745621351125938,0.3811687242798354,False
liking,9,120,480,0.6333333333333333,0.46725860155382903,0.44068571428571424,0.55,0.4621402336535868,0.4525206349206349,False
liking,10,120,480,0.6375,0.47331248108162643,0.48272678475577036,0.7229166666666667,0.5653565179501494,0.6533548040794419,False
liking,11,120,480,0.5020833333333333,0.3379463177880759,0.525,0.5875,0.5687840290381125,0.58390625,False
liking,12,120,480,0.5583333333333333,0.45622435020519836,0.5709581646423751,0.6083333333333333,0.6016878829075372,0.6516239316239316,False
liking,13,120,480,0.6770833333333334,0.4158245589239865,0.4898787878787879,0.5375,0.535920841753188,0.6568686868686868,False
liking,14,120,480,0.71875,0.41818181818181815,0.5282232957595278,0.6166666666666667,0.5259259259259259,0.5583252818035427,False
liking,15,120,480,0.6854166666666667,0.40667490729295425,0.48808080808080806,0.6604166666666667,0.5647893199833125,0.5986262626262626,False
liking,16,120,480,0.5083333333333333,0.4319640564826701,0.5651764705882354,0.5625,0.5418098510882016,0.5920348583877995,False
liking,17,120,480,0.6020833333333333,0.5022125695669879,0.5465,0.5541666666666667,0.5127134724857685,0.5577407407407406,False
liking,18,120,480,0.5916666666666667,0.3717277486910995,0.6019253261358524,0.5208333333333334,0.5194233079695635,0.5836437246963562,False
liking,19,120,480,0.6791666666666667,0.48653830124197717,0.5898989898989898,0.6229166666666667,0.542734435444397,0.5433131313131313,False
liking,20,120,480,0.7520833333333333,0.4671592085747069,0.5161805555555555,0.5979166666666667,0.5060543532159253,0.5122453703703704,False
liking,21,120,480,0.5833333333333334,0.4065135141818541,0.4452222222222223,0.5166666666666667,0.46435786435786436,0.4317777777777778,False
liking,22,120,480,0.4375,0.30434782608695654,0.48604938271604936,0.41041666666666665,0.39566232899566234,0.372663139329806,False
liking,23,120,480,0.5708333333333333,0.37219047619047624,0.4102204228520018,0.4979166666666667,0.49218389896355996,0.45901934322986954,False
liking,24,120,480,0.53125,0.3469387755102041,0.5671808278867103,0.51875,0.5128102605111802,0.5253681917211329,False
liking,25,120,480,0.5770833333333333,0.5383718891978833,0.5206666666666667,0.5583333333333333,0.5319313352100237,0.5386851851851853,False
liking,26,120,480,0.7125,0.4876079086605402,0.5182476190476191,0.7270833333333333,0.546290884689482,0.5962412698412698,False
liking,27,120,480,0.8729166666666667,0.496691018478728,0.5872619047619048,0.6708333333333333,0.4551567573780856,0.4402777777777778,False
liking,28,120,480,0.6541666666666667,0.40115440115440115,0.4329389129389129,0.46458333333333335,0.46374310443011835,0.5163251563251563,False
liking,29,120,480,0.5833333333333334,0.3904761904761904,0.450868196131354,0.4875,0.46424682395644284,0.45471884840305893,False
liking,30,120,480,0.5833333333333334,0.39461204722026033,0.429131803868646,0.4395833333333333,0.4321275426058274,0.48223121907332434,False
liking,31,120,480,0.61875,0.45159981270485405,0.41696969696969693,0.6958333333333333,0.5389473684210526,0.5777171717171717,False
liking,32,120,480,0.49375,0.3376904338740908,0.5010763888888888,0.55,0.548235294117647,0.5653993055555555,False
